Metric,Values
Train Losses,"[1.0438629086311781, 0.8648728529473488, 0.7247572288018067, 0.6153754976972605, 0.5304091561461584, 0.46239832020548416, 0.40725549715464776, 0.36252597734570363, 0.3258058858974113, 0.29434625755208105]"
Validation Losses,"[0.9363404391864159, 0.7776401428536995, 0.6540408721183265, 0.5698789293539591, 0.4833809447022124, 0.42522251892356233, 0.3764040533057804, 0.3398412478702694, 0.30093002385933304, 0.27341692018109326]"
Train F1 Scores,"[0.4110154789138913, 0.7213857822898003, 0.8642891904769705, 0.9139456528140867, 0.9339258840614215, 0.9475554213970828, 0.9535762735266734, 0.9588055009520264, 0.9612253414457579, 0.9647578826722966]"
Validation F1 Scores,"[0.5997075473769315, 0.8183842866342916, 0.8957781720174045, 0.9296742656486294, 0.9443065453197166, 0.9553433186410532, 0.9630411066380686, 0.9650524579643437, 0.9702383076116153, 0.9721006862810598]"
Train Accuracies,"[0.4579987431045318, 0.7280916137141261, 0.8670483904755254, 0.9159276586830528, 0.9356888485440961, 0.9489560784861393, 0.9548914181970533, 0.959500034913763, 0.9622931359541932, 0.9654353746246771]"
Validation Accuracies,"[0.6189944134078212, 0.8243016759776536, 0.9013966480446928, 0.9335195530726257, 0.9472067039106146, 0.9575418994413408, 0.9650837988826816, 0.9667597765363128, 0.9712290502793296, 0.9731843575418995]"
