Metric,Values
Train Losses,"[1.0438629086311781, 0.8648728529473488, 0.7247572288018067, 0.6153754976972605, 0.5304091561461584, 0.46239832020548416, 0.40725549715464776, 0.36252597734570363, 0.3258058858974113, 0.29434625755208105, 0.17988293185099943, 0.09045702207491313, 0.0632408746206437, 0.047631271405536184, 0.03770357347880973]"
Validation Losses,"[0.9363404391864159, 0.7776401428536995, 0.6540408721183265, 0.5698789293539591, 0.4833809447022124, 0.42522251892356233, 0.3764040533057804, 0.3398412478702694, 0.30093002385933304, 0.27341692018109326, 0.1121451388524696, 0.07130565291108844, 0.05051495379357233, 0.04042014062902003, 0.03368873705538117]"
Train F1 Scores,"[0.4110154789138913, 0.7213857822898003, 0.8642891904769705, 0.9139456528140867, 0.9339258840614215, 0.9475554213970828, 0.9535762735266734, 0.9588055009520264, 0.9612253414457579, 0.9647578826722966, 0.9701234352149294, 0.9814674224190806, 0.9867392011950867, 0.9907799494652705, 0.9929502998733913]"
Validation F1 Scores,"[0.5997075473769315, 0.8183842866342916, 0.8957781720174045, 0.9296742656486294, 0.9443065453197166, 0.9553433186410532, 0.9630411066380686, 0.9650524579643437, 0.9702383076116153, 0.9721006862810598, 0.9793451862399793, 0.9864243130905659, 0.9921763623497154, 0.9922476394810695, 0.9945364355571233]"
Train Accuracies,"[0.4579987431045318, 0.7280916137141261, 0.8670483904755254, 0.9159276586830528, 0.9356888485440961, 0.9489560784861393, 0.9548914181970533, 0.959500034913763, 0.9622931359541932, 0.9654353746246771, 0.9706998548945195, 0.9816385757338989, 0.9869405067529858, 0.9910704319678536, 0.9931353945752874]"
Validation Accuracies,"[0.6189944134078212, 0.8243016759776536, 0.9013966480446928, 0.9335195530726257, 0.9472067039106146, 0.9575418994413408, 0.9650837988826816, 0.9667597765363128, 0.9712290502793296, 0.9731843575418995, 0.9796829649475329, 0.9868274168341148, 0.9926322839919625, 0.9928555481134181, 0.9948649252065193]"
